concepto,elemento,estadistico,desglose,categoria,unidadMedida,ola,valor
RIQUEZA,RIQUEZA NETA,MEDIANA,TODOS LOS HOGARES,TODOS LOS HOGARES,Miles de Euros (),2024,160.8292
RIQUEZA,RIQUEZA NETA,MEDIANA,TODOS LOS HOGARES,TODOS LOS HOGARES,Miles de Euros (),2022,151.66608656311703
RIQUEZA,RIQUEZA NETA,MEDIANA,TODOS LOS HOGARES,TODOS LOS HOGARES,Miles de Euros (),2020,145.88880639514628
RIQUEZA,RIQUEZA NETA,MEDIANA,TODOS LOS HOGARES,TODOS LOS HOGARES,Miles de Euros (),2017,139.2706690050941
RIQUEZA,RIQUEZA NETA,MEDIANA,TODOS LOS HOGARES,TODOS LOS HOGARES,Miles de Euros (),2014,148.90582761890522
RIQUEZA,RIQUEZA NETA,MEDIANA,TODOS LOS HOGARES,TODOS LOS HOGARES,Miles de Euros (),2011,190.7453382881803
RIQUEZA,RIQUEZA NETA,MEDIANA,TODOS LOS HOGARES,TODOS LOS HOGARES,Miles de Euros (),2008,236.96083307035
RIQUEZA,RIQUEZA NETA,MEDIANA,TODOS LOS HOGARES,TODOS LOS HOGARES,Miles de Euros (),2005,246.4461418703571
RIQUEZA,RIQUEZA NETA,MEDIANA,TODOS LOS HOGARES,TODOS LOS HOGARES,Miles de Euros (),2002,148.40498439144304
